year	league_id	league_key	club_id	club_key	club_name	club_url
2018	23	english+premier+league	382	manchester-city	Manchester City	http://www.espnfc.us/club/manchester-city/382/index
2018	23	english+premier+league	364	liverpool	Liverpool	http://www.espnfc.us/club/liverpool/364/index
2018	23	english+premier+league	363	chelsea	Chelsea	http://www.espnfc.us/club/chelsea/363/index
2018	23	english+premier+league	367	tottenham-hotspur	Tottenham Hotspur	http://www.espnfc.us/club/tottenham-hotspur/367/index
2018	23	english+premier+league	359	arsenal	Arsenal	http://www.espnfc.us/club/arsenal/359/index
2018	23	english+premier+league	360	manchester-united	Manchester United	http://www.espnfc.us/club/manchester-united/360/index
2018	23	english+premier+league	380	wolverhampton-wanderers	Wolverhampton Wanderers	http://www.espnfc.us/club/wolverhampton-wanderers/380/index
2018	23	english+premier+league	368	everton	Everton	http://www.espnfc.us/club/everton/368/index
2018	23	english+premier+league	375	leicester-city	Leicester City	http://www.espnfc.us/club/leicester-city/375/index
2018	23	english+premier+league	371	west-ham-united	West Ham United	http://www.espnfc.us/club/west-ham-united/371/index
2018	23	english+premier+league	395	watford	Watford	http://www.espnfc.us/club/watford/395/index
2018	23	english+premier+league	384	crystal-palace	Crystal Palace	http://www.espnfc.us/club/crystal-palace/384/index
2018	23	english+premier+league	361	newcastle-united	Newcastle United	http://www.espnfc.us/club/newcastle-united/361/index
2018	23	english+premier+league	349	afc-bournemouth	AFC Bournemouth	http://www.espnfc.us/club/afc-bournemouth/349/index
2018	23	english+premier+league	379	burnley	Burnley	http://www.espnfc.us/club/burnley/379/index
2018	23	english+premier+league	376	southampton	Southampton	http://www.espnfc.us/club/southampton/376/index
2018	23	english+premier+league	331	brighton-and-hove-albion	Brighton & Hove Albion	http://www.espnfc.us/club/brighton-and-hove-albion/331/index
2018	23	english+premier+league	347	cardiff-city	Cardiff City	http://www.espnfc.us/club/cardiff-city/347/index
2018	23	english+premier+league	370	fulham	Fulham	http://www.espnfc.us/club/fulham/370/index
2018	23	english+premier+league	335	huddersfield-town	Huddersfield Town	http://www.espnfc.us/club/huddersfield-town/335/index
2018	15	spanish+primera+división	83	barcelona	Barcelona	http://www.espnfc.us/club/barcelona/83/index
2018	15	spanish+primera+división	1068	atletico-madrid	Atletico Madrid	http://www.espnfc.us/club/atletico-madrid/1068/index
2018	15	spanish+primera+división	86	real-madrid	Real Madrid	http://www.espnfc.us/club/real-madrid/86/index
2018	15	spanish+primera+división	94	valencia	Valencia	http://www.espnfc.us/club/valencia/94/index
2018	15	spanish+primera+división	2922	getafe	Getafe	http://www.espnfc.us/club/getafe/2922/index
2018	15	spanish+primera+división	243	sevilla-fc	Sevilla FC	http://www.espnfc.us/club/sevilla-fc/243/index
2018	15	spanish+primera+división	88	espanyol	Espanyol	http://www.espnfc.us/club/espanyol/88/index
2018	15	spanish+primera+división	93	athletic-bilbao	Athletic Bilbao	http://www.espnfc.us/club/athletic-bilbao/93/index
2018	15	spanish+primera+división	89	real-sociedad	Real Sociedad	http://www.espnfc.us/club/real-sociedad/89/index
2018	15	spanish+primera+división	244	real-betis	Real Betis	http://www.espnfc.us/club/real-betis/244/index
2018	15	spanish+primera+división	96	alaves	Alavés	http://www.espnfc.us/club/alaves/96/index
2018	15	spanish+primera+división	3752	eibar	Eibar	http://www.espnfc.us/club/eibar/3752/index
2018	15	spanish+primera+división	102	villarreal	Villarreal	http://www.espnfc.us/club/villarreal/102/index
2018	15	spanish+primera+división	1538	levante	Levante	http://www.espnfc.us/club/levante/1538/index
2018	15	spanish+primera+división	95	real-valladolid	Real Valladolid	http://www.espnfc.us/club/real-valladolid/95/index
2018	15	spanish+primera+división	85	celta-vigo	Celta Vigo	http://www.espnfc.us/club/celta-vigo/85/index
2018	15	spanish+primera+división	9812	girona	Girona	http://www.espnfc.us/club/girona/9812/index
2018	15	spanish+primera+división	5413	huesca	Huesca	http://www.espnfc.us/club/huesca/5413/index
2018	15	spanish+primera+división	101	rayo-vallecano	Rayo Vallecano	http://www.espnfc.us/club/rayo-vallecano/101/index
2018	10	german+bundesliga	132	bayern-munich	Bayern Munich	http://www.espnfc.us/club/bayern-munich/132/index
2018	10	german+bundesliga	124	borussia-dortmund	Borussia Dortmund	http://www.espnfc.us/club/borussia-dortmund/124/index
2018	10	german+bundesliga	11420	rb-leipzig	RB Leipzig	http://www.espnfc.us/club/rb-leipzig/11420/index
2018	10	german+bundesliga	131	bayer-leverkusen	Bayer Leverkusen	http://www.espnfc.us/club/bayer-leverkusen/131/index
2018	10	german+bundesliga	268	borussia-monchengladbach	Borussia Monchengladbach	http://www.espnfc.us/club/borussia-monchengladbach/268/index
2018	10	german+bundesliga	138	vfl-wolfsburg	VfL Wolfsburg	http://www.espnfc.us/club/vfl-wolfsburg/138/index
2018	10	german+bundesliga	125	eintracht-frankfurt	Eintracht Frankfurt	http://www.espnfc.us/club/eintracht-frankfurt/125/index
2018	10	german+bundesliga	137	werder-bremen	Werder Bremen	http://www.espnfc.us/club/werder-bremen/137/index
2018	10	german+bundesliga	7911	tsg-hoffenheim	TSG Hoffenheim	http://www.espnfc.us/club/tsg-hoffenheim/7911/index
2018	10	german+bundesliga	9707	fortuna-dusseldorf	Fortuna Düsseldorf	http://www.espnfc.us/club/fortuna-dusseldorf/9707/index
2018	10	german+bundesliga	129	hertha-berlin	Hertha Berlin	http://www.espnfc.us/club/hertha-berlin/129/index
2018	10	german+bundesliga	2950	mainz	Mainz	http://www.espnfc.us/club/mainz/2950/index
2018	10	german+bundesliga	126	sc-freiburg	SC Freiburg	http://www.espnfc.us/club/sc-freiburg/126/index
2018	10	german+bundesliga	133	schalke-04	Schalke 04	http://www.espnfc.us/club/schalke-04/133/index
2018	10	german+bundesliga	3841	fc-augsburg	FC Augsburg	http://www.espnfc.us/club/fc-augsburg/3841/index
2018	10	german+bundesliga	134	vfb-stuttgart	VfB Stuttgart	http://www.espnfc.us/club/vfb-stuttgart/134/index
2018	10	german+bundesliga	2428	hannover-96	Hannover 96	http://www.espnfc.us/club/hannover-96/2428/index
2018	10	german+bundesliga	269	nurnberg	Nurnberg	http://www.espnfc.us/club/nurnberg/269/index
2018	12	italian+serie+a	111	juventus	Juventus	http://www.espnfc.us/club/juventus/111/index
2018	12	italian+serie+a	114	napoli	Napoli	http://www.espnfc.us/club/napoli/114/index
2018	12	italian+serie+a	105	atalanta	Atalanta	http://www.espnfc.us/club/atalanta/105/index
2018	12	italian+serie+a	110	internazionale	Internazionale	http://www.espnfc.us/club/internazionale/110/index
2018	12	italian+serie+a	103	ac-milan	AC Milan	http://www.espnfc.us/club/ac-milan/103/index
2018	12	italian+serie+a	104	as-roma	AS Roma	http://www.espnfc.us/club/as-roma/104/index
2018	12	italian+serie+a	239	torino	Torino	http://www.espnfc.us/club/torino/239/index
2018	12	italian+serie+a	112	lazio	Lazio	http://www.espnfc.us/club/lazio/112/index
2018	12	italian+serie+a	2734	sampdoria	Sampdoria	http://www.espnfc.us/club/sampdoria/2734/index
2018	12	italian+serie+a	107	bologna	Bologna	http://www.espnfc.us/club/bologna/107/index
2018	12	italian+serie+a	3997	sassuolo	Sassuolo	http://www.espnfc.us/club/sassuolo/3997/index
2018	12	italian+serie+a	118	udinese	Udinese	http://www.espnfc.us/club/udinese/118/index
2018	12	italian+serie+a	3958	spal	SPAL	http://www.espnfc.us/club/spal/3958/index
2018	12	italian+serie+a	115	parma	Parma	http://www.espnfc.us/club/parma/115/index
2018	12	italian+serie+a	2925	cagliari	Cagliari	http://www.espnfc.us/club/cagliari/2925/index
2018	12	italian+serie+a	109	fiorentina	Fiorentina	http://www.espnfc.us/club/fiorentina/109/index
2018	12	italian+serie+a	3263	genoa	Genoa	http://www.espnfc.us/club/genoa/3263/index
2018	12	italian+serie+a	2574	empoli	Empoli	http://www.espnfc.us/club/empoli/2574/index
2018	12	italian+serie+a	4057	frosinone	Frosinone	http://www.espnfc.us/club/frosinone/4057/index
2018	12	italian+serie+a	238	chievo-verona	Chievo Verona	http://www.espnfc.us/club/chievo-verona/238/index
2018	9	french+ligue+1	160	paris-saint-germain	Paris Saint-Germain	http://www.espnfc.us/club/paris-saint-germain/160/index
2018	9	french+ligue+1	166	lille	Lille	http://www.espnfc.us/club/lille/166/index
2018	9	french+ligue+1	167	lyon	Lyon	http://www.espnfc.us/club/lyon/167/index
2018	9	french+ligue+1	178	saint-etienne	Saint-Etienne	http://www.espnfc.us/club/saint-etienne/178/index
2018	9	french+ligue+1	176	marseille	Marseille	http://www.espnfc.us/club/marseille/176/index
2018	9	french+ligue+1	274	montpellier	Montpellier	http://www.espnfc.us/club/montpellier/274/index
2018	9	french+ligue+1	2502	nice	Nice	http://www.espnfc.us/club/nice/2502/index
2018	9	french+ligue+1	3243	stade-de-reims	Stade de Reims	http://www.espnfc.us/club/stade-de-reims/3243/index
2018	9	french+ligue+1	7730	nimes	Nimes	http://www.espnfc.us/club/nimes/7730/index
2018	9	french+ligue+1	169	stade-rennes	Stade Rennes	http://www.espnfc.us/club/stade-rennes/169/index
2018	9	french+ligue+1	180	strasbourg	Strasbourg	http://www.espnfc.us/club/strasbourg/180/index
2018	9	french+ligue+1	165	nantes	Nantes	http://www.espnfc.us/club/nantes/165/index
2018	9	french+ligue+1	7868	angers	Angers	http://www.espnfc.us/club/angers/7868/index
2018	9	french+ligue+1	159	bordeaux	Bordeaux	http://www.espnfc.us/club/bordeaux/159/index
2018	9	french+ligue+1	3335	sc-amiens	SC Amiens	http://www.espnfc.us/club/sc-amiens/3335/index
2018	9	french+ligue+1	179	toulouse	Toulouse	http://www.espnfc.us/club/toulouse/179/index
2018	9	french+ligue+1	174	as-monaco	AS Monaco	http://www.espnfc.us/club/as-monaco/174/index
2018	9	french+ligue+1	3170	dijon-fco	Dijon FCO	http://www.espnfc.us/club/dijon-fco/3170/index
2018	9	french+ligue+1	2927	caen	Caen	http://www.espnfc.us/club/caen/2927/index
2018	9	french+ligue+1	171	guingamp	Guingamp	http://www.espnfc.us/club/guingamp/171/index
2018	19	major+league+soccer	190	new-york-red-bulls	New York Red Bulls	http://www.espnfc.us/club/new-york-red-bulls/190/index
2018	19	major+league+soccer	18418	atlanta-united-fc	Atlanta United FC	http://www.espnfc.us/club/atlanta-united-fc/18418/index
2018	19	major+league+soccer	17606	new-york-city-fc	New York City FC	http://www.espnfc.us/club/new-york-city-fc/17606/index
2018	19	major+league+soccer	193	dc-united	DC United	http://www.espnfc.us/club/dc-united/193/index
2018	19	major+league+soccer	183	columbus-crew-sc	Columbus Crew SC	http://www.espnfc.us/club/columbus-crew-sc/183/index
2018	19	major+league+soccer	10739	philadelphia-union	Philadelphia Union	http://www.espnfc.us/club/philadelphia-union/10739/index
2018	19	major+league+soccer	9720	montreal-impact	Montreal Impact	http://www.espnfc.us/club/montreal-impact/9720/index
2018	19	major+league+soccer	189	new-england-revolution	New England Revolution	http://www.espnfc.us/club/new-england-revolution/189/index
2018	19	major+league+soccer	7318	toronto-fc	Toronto FC	http://www.espnfc.us/club/toronto-fc/7318/index
2018	19	major+league+soccer	182	chicago-fire	Chicago Fire	http://www.espnfc.us/club/chicago-fire/182/index
2018	19	major+league+soccer	12011	orlando-city-sc	Orlando City SC	http://www.espnfc.us/club/orlando-city-sc/12011/index
2018	19	major+league+soccer	186	sporting-kansas-city	Sporting Kansas City	http://www.espnfc.us/club/sporting-kansas-city/186/index
2018	19	major+league+soccer	9726	seattle-sounders-fc	Seattle Sounders FC	http://www.espnfc.us/club/seattle-sounders-fc/9726/index
2018	19	major+league+soccer	18966	lafc	LAFC	http://www.espnfc.us/club/lafc/18966/index
2018	19	major+league+soccer	185	fc-dallas	FC Dallas	http://www.espnfc.us/club/fc-dallas/185/index
2018	19	major+league+soccer	9723	portland-timbers	Portland Timbers	http://www.espnfc.us/club/portland-timbers/9723/index
2018	19	major+league+soccer	4771	real-salt-lake	Real Salt Lake	http://www.espnfc.us/club/real-salt-lake/4771/index
2018	19	major+league+soccer	187	la-galaxy	LA Galaxy	http://www.espnfc.us/club/la-galaxy/187/index
2018	19	major+league+soccer	9727	vancouver-whitecaps	Vancouver Whitecaps	http://www.espnfc.us/club/vancouver-whitecaps/9727/index
2018	19	major+league+soccer	6077	houston-dynamo	Houston Dynamo	http://www.espnfc.us/club/houston-dynamo/6077/index
2018	19	major+league+soccer	17362	minnesota-united-fc	Minnesota United FC	http://www.espnfc.us/club/minnesota-united-fc/17362/index
2018	19	major+league+soccer	184	colorado-rapids	Colorado Rapids	http://www.espnfc.us/club/colorado-rapids/184/index
2018	19	major+league+soccer	191	san-jose-earthquakes	San Jose Earthquakes	http://www.espnfc.us/club/san-jose-earthquakes/191/index
2018	22	mexican+liga+bbva+mx	218	cruz-azul	Cruz Azul	http://www.espnfc.us/club/cruz-azul/218/index
2018	22	mexican+liga+bbva+mx	227	america	América	http://www.espnfc.us/club/america/227/index
2018	22	mexican+liga+bbva+mx	233	pumas-unam	Pumas UNAM	http://www.espnfc.us/club/pumas-unam/233/index
2018	22	mexican+liga+bbva+mx	225	santos	Santos	http://www.espnfc.us/club/santos/225/index
2018	22	mexican+liga+bbva+mx	220	monterrey	Monterrey	http://www.espnfc.us/club/monterrey/220/index
2018	22	mexican+liga+bbva+mx	232	uanl	U.A.N.L	http://www.espnfc.us/club/uanl/232/index
2018	22	mexican+liga+bbva+mx	223	toluca	Toluca	http://www.espnfc.us/club/toluca/223/index
2018	22	mexican+liga+bbva+mx	222	queretaro	Querétaro	http://www.espnfc.us/club/queretaro/222/index
2018	22	mexican+liga+bbva+mx	221	morelia	Morelia	http://www.espnfc.us/club/morelia/221/index
2018	22	mexican+liga+bbva+mx	234	pachuca	Pachuca	http://www.espnfc.us/club/pachuca/234/index
2018	22	mexican+liga+bbva+mx	219	guadalajara	Guadalajara	http://www.espnfc.us/club/guadalajara/219/index
2018	22	mexican+liga+bbva+mx	231	puebla	Puebla	http://www.espnfc.us/club/puebla/231/index
2018	22	mexican+liga+bbva+mx	8814	lobos-buap	Lobos BUAP	http://www.espnfc.us/club/lobos-buap/8814/index
2018	22	mexican+liga+bbva+mx	228	leon	León	http://www.espnfc.us/club/leon/228/index
2018	22	mexican+liga+bbva+mx	10125	tijuana	Tijuana	http://www.espnfc.us/club/tijuana/10125/index
2018	22	mexican+liga+bbva+mx	229	necaxa	Necaxa	http://www.espnfc.us/club/necaxa/229/index
2018	22	mexican+liga+bbva+mx	216	atlas	Atlas	http://www.espnfc.us/club/atlas/216/index
2018	22	mexican+liga+bbva+mx	2569	veracruz	Veracruz	http://www.espnfc.us/club/veracruz/2569/index
2018	24	english+league+championship	381	norwich-city	Norwich City	http://www.espnfc.us/club/norwich-city/381/index
2018	24	english+league+championship	398	sheffield-united	Sheffield United	http://www.espnfc.us/club/sheffield-united/398/index
2018	24	english+league+championship	357	leeds-united	Leeds United	http://www.espnfc.us/club/leeds-united/357/index
2018	24	english+league+championship	383	west-bromwich-albion	West Bromwich Albion	http://www.espnfc.us/club/west-bromwich-albion/383/index
2018	24	english+league+championship	362	aston-villa	Aston Villa	http://www.espnfc.us/club/aston-villa/362/index
2018	24	english+league+championship	374	derby-county	Derby County	http://www.espnfc.us/club/derby-county/374/index
2018	24	english+league+championship	369	middlesbrough	Middlesbrough	http://www.espnfc.us/club/middlesbrough/369/index
2018	24	english+league+championship	333	bristol-city	Bristol City	http://www.espnfc.us/club/bristol-city/333/index
2018	24	english+league+championship	393	nottingham-forest	Nottingham Forest	http://www.espnfc.us/club/nottingham-forest/393/index
2018	24	english+league+championship	318	swansea-city	Swansea City	http://www.espnfc.us/club/swansea-city/318/index
2018	24	english+league+championship	337	brentford	Brentford	http://www.espnfc.us/club/brentford/337/index
2018	24	english+league+championship	399	sheffield-wednesday	Sheffield Wednesday	http://www.espnfc.us/club/sheffield-wednesday/399/index
2018	24	english+league+championship	306	hull-city	Hull City	http://www.espnfc.us/club/hull-city/306/index
2018	24	english+league+championship	394	preston-north-end	Preston North End	http://www.espnfc.us/club/preston-north-end/394/index
2018	24	english+league+championship	365	blackburn-rovers	Blackburn Rovers	http://www.espnfc.us/club/blackburn-rovers/365/index
2018	24	english+league+championship	336	stoke-city	Stoke City	http://www.espnfc.us/club/stoke-city/336/index
2018	24	english+league+championship	392	birmingham-city	Birmingham City	http://www.espnfc.us/club/birmingham-city/392/index
2018	24	english+league+championship	350	wigan-athletic	Wigan Athletic	http://www.espnfc.us/club/wigan-athletic/350/index
2018	24	english+league+championship	334	queens-park-rangers	Queens Park Rangers	http://www.espnfc.us/club/queens-park-rangers/334/index
2018	24	english+league+championship	338	reading	Reading	http://www.espnfc.us/club/reading/338/index
2018	24	english+league+championship	391	millwall	Millwall	http://www.espnfc.us/club/millwall/391/index
2018	24	english+league+championship	402	rotherham-united	Rotherham United	http://www.espnfc.us/club/rotherham-united/402/index
2018	24	english+league+championship	358	bolton-wanderers	Bolton Wanderers	http://www.espnfc.us/club/bolton-wanderers/358/index
2018	24	english+league+championship	373	ipswich-town	Ipswich Town	http://www.espnfc.us/club/ipswich-town/373/index
2018	1308	australian+a-league	5322	perth-glory	Perth Glory	http://www.espnfc.us/club/perth-glory/5322/index
2018	1308	australian+a-league	5327	sydney-fc	Sydney FC	http://www.espnfc.us/club/sydney-fc/5327/index
2018	1308	australian+a-league	5328	melbourne-victory	Melbourne Victory	http://www.espnfc.us/club/melbourne-victory/5328/index
2018	1308	australian+a-league	5321	adelaide-united	Adelaide United	http://www.espnfc.us/club/adelaide-united/5321/index
2018	1308	australian+a-league	11143	melbourne-city-fc	Melbourne City FC	http://www.espnfc.us/club/melbourne-city-fc/11143/index
2018	1308	australian+a-league	8352	wellington-phoenix-fc	Wellington Phoenix FC	http://www.espnfc.us/club/wellington-phoenix-fc/8352/index
2018	1308	australian+a-league	5323	newcastle-jets	Newcastle Jets	http://www.espnfc.us/club/newcastle-jets/5323/index
2018	1308	australian+a-league	13696	western-sydney-wanderers	Western Sydney Wanderers	http://www.espnfc.us/club/western-sydney-wanderers/13696/index
2018	1308	australian+a-league	5326	brisbane-roar	Brisbane Roar	http://www.espnfc.us/club/brisbane-roar/5326/index
2018	1308	australian+a-league	5325	central-coast-mariners	Central Coast Mariners	http://www.espnfc.us/club/central-coast-mariners/5325/index
2018	85	brazilian+serie+a	2029	palmeiras	Palmeiras	http://www.espnfc.us/club/palmeiras/2029/index
2018	85	brazilian+serie+a	819	flamengo	Flamengo	http://www.espnfc.us/club/flamengo/819/index
2018	85	brazilian+serie+a	1936	internacional	Internacional	http://www.espnfc.us/club/internacional/1936/index
2018	85	brazilian+serie+a	6273	gremio	Grêmio	http://www.espnfc.us/club/gremio/6273/index
2018	85	brazilian+serie+a	2026	sao-paulo	São Paulo	http://www.espnfc.us/club/sao-paulo/2026/index
2018	85	brazilian+serie+a	7632	atletico-mg	Atlético-MG	http://www.espnfc.us/club/atletico-mg/7632/index
2018	85	brazilian+serie+a	3458	athletico-pr	Athletico-PR	http://www.espnfc.us/club/athletico-pr/3458/index
2018	85	brazilian+serie+a	2022	cruzeiro	Cruzeiro	http://www.espnfc.us/club/cruzeiro/2022/index
2018	85	brazilian+serie+a	6086	botafogo	Botafogo	http://www.espnfc.us/club/botafogo/6086/index
2018	85	brazilian+serie+a	2674	santos	Santos	http://www.espnfc.us/club/santos/2674/index
2018	85	brazilian+serie+a	9967	bahia	Bahia	http://www.espnfc.us/club/bahia/9967/index
2018	85	brazilian+serie+a	3445	fluminense	Fluminense	http://www.espnfc.us/club/fluminense/3445/index
2018	85	brazilian+serie+a	874	corinthians	Corinthians	http://www.espnfc.us/club/corinthians/874/index
2018	85	brazilian+serie+a	9318	chapecoense	Chapecoense	http://www.espnfc.us/club/chapecoense/9318/index
2018	85	brazilian+serie+a	9969	ceara	Ceará	http://www.espnfc.us/club/ceara/9969/index
2018	85	brazilian+serie+a	3454	vasco-da-gama	Vasco da Gama	http://www.espnfc.us/club/vasco-da-gama/3454/index
2018	85	brazilian+serie+a	7635	sport	Sport	http://www.espnfc.us/club/sport/7635/index
2018	85	brazilian+serie+a	6154	america-mg	América-MG	http://www.espnfc.us/club/america-mg/6154/index
2018	85	brazilian+serie+a	3457	vitoria	Vitória	http://www.espnfc.us/club/vitoria/3457/index
2018	85	brazilian+serie+a	3453	parana	Paraná	http://www.espnfc.us/club/parana/3453/index
2018	1	argentine+superliga	15	racing-club	Racing Club	http://www.espnfc.us/club/racing-club/15/index
2018	1	argentine+superliga	8950	defensa-y-justicia	Defensa y Justicia	http://www.espnfc.us/club/defensa-y-justicia/8950/index
2018	1	argentine+superliga	5	boca-juniors	Boca Juniors	http://www.espnfc.us/club/boca-juniors/5/index
2018	1	argentine+superliga	16	river-plate	River Plate	http://www.espnfc.us/club/river-plate/16/index
2018	1	argentine+superliga	9785	atletico-tucuman	Atlético Tucumán	http://www.espnfc.us/club/atletico-tucuman/9785/index
2018	1	argentine+superliga	21	velez-sarsfield	Vélez Sarsfield	http://www.espnfc.us/club/velez-sarsfield/21/index
2018	1	argentine+superliga	11	independiente	Independiente	http://www.espnfc.us/club/independiente/11/index
2018	1	argentine+superliga	20	union-santa-fe	Unión (Santa Fe)	http://www.espnfc.us/club/union-santa-fe/20/index
2018	1	argentine+superliga	7767	tigre	Tigre	http://www.espnfc.us/club/tigre/7767/index
2018	1	argentine+superliga	10	huracan	Huracán	http://www.espnfc.us/club/huracan/10/index
2018	1	argentine+superliga	12	lanus	Lanús	http://www.espnfc.us/club/lanus/12/index
2018	1	argentine+superliga	19	talleres-cordoba	Talleres (Córdoba)	http://www.espnfc.us/club/talleres-cordoba/19/index
2018	1	argentine+superliga	9739	aldosivi	Aldosivi	http://www.espnfc.us/club/aldosivi/9739/index
2018	1	argentine+superliga	6756	godoy-cruz-antonio-tomba	Godoy Cruz Antonio Tomba	http://www.espnfc.us/club/godoy-cruz-antonio-tomba/6756/index
2018	1	argentine+superliga	14	newells-old-boys	Newell's Old Boys	http://www.espnfc.us/club/newells-old-boys/14/index
2018	1	argentine+superliga	235	banfield	Banfield	http://www.espnfc.us/club/banfield/235/index
2018	1	argentine+superliga	8	estudiantes-de-la-plata	Estudiantes de La Plata	http://www.espnfc.us/club/estudiantes-de-la-plata/8/index
2018	1	argentine+superliga	9	gimnasia-la-plata	Gimnasia La Plata	http://www.espnfc.us/club/gimnasia-la-plata/9/index
2018	1	argentine+superliga	10374	patronato	Patronato	http://www.espnfc.us/club/patronato/10374/index
2018	1	argentine+superliga	17	rosario-central	Rosario Central	http://www.espnfc.us/club/rosario-central/17/index
2018	1	argentine+superliga	7845	san-martin-san-juan	San Martín (San Juan)	http://www.espnfc.us/club/san-martin-san-juan/7845/index
2018	1	argentine+superliga	4	belgrano-cordoba	Belgrano (Córdoba)	http://www.espnfc.us/club/belgrano-cordoba/4/index
2018	1	argentine+superliga	18	san-lorenzo	San Lorenzo	http://www.espnfc.us/club/san-lorenzo/18/index
2018	1	argentine+superliga	7	colon-santa-fe	Colón (Santa Fe)	http://www.espnfc.us/club/colon-santa-fe/7/index
2018	1	argentine+superliga	3	argentinos-juniors	Argentinos Juniors	http://www.espnfc.us/club/argentinos-juniors/3/index
2018	25	english+league+one	301	luton-town	Luton Town	http://www.espnfc.us/club/luton-town/301/index
2018	25	english+league+one	397	barnsley	Barnsley	http://www.espnfc.us/club/barnsley/397/index
2018	25	english+league+one	372	charlton-athletic	Charlton Athletic	http://www.espnfc.us/club/charlton-athletic/372/index
2018	25	english+league+one	385	portsmouth	Portsmouth	http://www.espnfc.us/club/portsmouth/385/index
2018	25	english+league+one	366	sunderland	Sunderland	http://www.espnfc.us/club/sunderland/366/index
2018	25	english+league+one	279	doncaster-rovers	Doncaster Rovers	http://www.espnfc.us/club/doncaster-rovers/279/index
2018	25	english+league+one	342	peterborough-united	Peterborough United	http://www.espnfc.us/club/peterborough-united/342/index
2018	25	english+league+one	388	coventry-city	Coventry City	http://www.espnfc.us/club/coventry-city/388/index
2018	25	english+league+one	2567	burton-albion	Burton Albion	http://www.espnfc.us/club/burton-albion/2567/index
2018	25	english+league+one	346	blackpool	Blackpool	http://www.espnfc.us/club/blackpool/346/index
2018	25	english+league+one	3891	fleetwood-town	Fleetwood Town	http://www.espnfc.us/club/fleetwood-town/3891/index
2018	25	english+league+one	311	oxford-united	Oxford United	http://www.espnfc.us/club/oxford-united/311/index
2018	25	english+league+one	389	gillingham	Gillingham	http://www.espnfc.us/club/gillingham/389/index
2018	25	english+league+one	2731	accrington-stanley	Accrington Stanley	http://www.espnfc.us/club/accrington-stanley/2731/index
2018	25	english+league+one	308	bristol-rovers	Bristol Rovers	http://www.espnfc.us/club/bristol-rovers/308/index
2018	25	english+league+one	303	rochdale	Rochdale	http://www.espnfc.us/club/rochdale/303/index
2018	25	english+league+one	344	wycombe-wanderers	Wycombe Wanderers	http://www.espnfc.us/club/wycombe-wanderers/344/index
2018	25	english+league+one	302	shrewsbury-town	Shrewsbury Town	http://www.espnfc.us/club/shrewsbury-town/302/index
2018	25	english+league+one	310	southend-united	Southend United	http://www.espnfc.us/club/southend-united/310/index
2018	25	english+league+one	3802	afc-wimbledon	AFC Wimbledon	http://www.espnfc.us/club/afc-wimbledon/3802/index
2018	25	english+league+one	307	plymouth-argyle	Plymouth Argyle	http://www.espnfc.us/club/plymouth-argyle/307/index
2018	25	english+league+one	401	walsall	Walsall	http://www.espnfc.us/club/walsall/401/index
2018	25	english+league+one	313	scunthorpe-united	Scunthorpe United	http://www.espnfc.us/club/scunthorpe-united/313/index
2018	25	english+league+one	387	bradford-city	Bradford City	http://www.espnfc.us/club/bradford-city/387/index
2018	45	scottish+premiership	256	celtic	Celtic	http://www.espnfc.us/club/celtic/256/index
2018	45	scottish+premiership	257	rangers	Rangers	http://www.espnfc.us/club/rangers/257/index
2018	45	scottish+premiership	260	kilmarnock	Kilmarnock	http://www.espnfc.us/club/kilmarnock/260/index
2018	45	scottish+premiership	263	aberdeen	Aberdeen	http://www.espnfc.us/club/aberdeen/263/index
2018	45	scottish+premiership	258	hibernian	Hibernian	http://www.espnfc.us/club/hibernian/258/index
2018	45	scottish+premiership	262	heart-of-midlothian	Heart of Midlothian	http://www.espnfc.us/club/heart-of-midlothian/262/index
2018	45	scottish+premiership	267	st-johnstone	St Johnstone	http://www.espnfc.us/club/st-johnstone/267/index
2018	45	scottish+premiership	266	motherwell	Motherwell	http://www.espnfc.us/club/motherwell/266/index
2018	45	scottish+premiership	259	livingston	Livingston	http://www.espnfc.us/club/livingston/259/index
2018	45	scottish+premiership	409	hamilton-academical	Hamilton Academical	http://www.espnfc.us/club/hamilton-academical/409/index
2018	45	scottish+premiership	250	st-mirren	St Mirren	http://www.espnfc.us/club/st-mirren/250/index
2018	45	scottish+premiership	261	dundee	Dundee	http://www.espnfc.us/club/dundee/261/index
2018	2350	chinese+super+league	7521	shandong-luneng-taishan	Shandong Luneng Taishan	http://www.espnfc.us/club/shandong-luneng-taishan/7521/index
2018	2350	chinese+super+league	2052	beijing-sinobo-guoan	Beijing Sinobo Guoan	http://www.espnfc.us/club/beijing-sinobo-guoan/2052/index
2018	2350	chinese+super+league	977	shanghai-shenhua	Shanghai Shenhua	http://www.espnfc.us/club/shanghai-shenhua/977/index
2018	2350	chinese+super+league	8240	henan-jianye	Henan Jianye	http://www.espnfc.us/club/henan-jianye/8240/index
2018	2350	chinese+super+league	8239	tianjin-teda	Tianjin Teda	http://www.espnfc.us/club/tianjin-teda/8239/index
2018	2350	chinese+super+league	8225	changchun-yatai	Changchun Yatai	http://www.espnfc.us/club/changchun-yatai/8225/index
2018	2292	usl+championship	18267	fc-cincinnati	FC Cincinnati	http://www.espnfc.us/club/fc-cincinnati/18267/index
2018	2292	usl+championship	17832	louisville-city-fc	Louisville City FC	http://www.espnfc.us/club/louisville-city-fc/17832/index
2018	2292	usl+championship	17827	pittsburgh-riverhounds	Pittsburgh Riverhounds	http://www.espnfc.us/club/pittsburgh-riverhounds/17827/index
2018	2292	usl+championship	9729	charleston-battery	Charleston Battery	http://www.espnfc.us/club/charleston-battery/9729/index
2018	2292	usl+championship	18450	new-york-red-bulls-ii	New York Red Bulls II	http://www.espnfc.us/club/new-york-red-bulls-ii/18450/index
2018	2292	usl+championship	18445	philadelphia-union-ii	Philadelphia Union II	http://www.espnfc.us/club/philadelphia-union-ii/18445/index
2018	2292	usl+championship	18986	nashville-sc	Nashville SC	http://www.espnfc.us/club/nashville-sc/18986/index
2018	2292	usl+championship	9725	north-carolina-fc	North Carolina FC	http://www.espnfc.us/club/north-carolina-fc/9725/index
2018	2292	usl+championship	17356	ottawa-fury-fc	Ottawa Fury FC	http://www.espnfc.us/club/ottawa-fury-fc/17356/index
2018	2292	usl+championship	17826	charlotte-independence	Charlotte Independence	http://www.espnfc.us/club/charlotte-independence/17826/index
2018	2292	usl+championship	17361	tampa-bay-rowdies	Tampa Bay Rowdies	http://www.espnfc.us/club/tampa-bay-rowdies/17361/index
2018	2292	usl+championship	18269	penn-fc	Penn FC	http://www.espnfc.us/club/penn-fc/18269/index
2018	2292	usl+championship	17545	richmond-kickers	Richmond Kickers	http://www.espnfc.us/club/richmond-kickers/17545/index
2018	2292	usl+championship	18447	toronto-fc-ii	Toronto FC II	http://www.espnfc.us/club/toronto-fc-ii/18447/index
2018	2292	usl+championship	18455	orange-county-sc	Orange County SC	http://www.espnfc.us/club/orange-county-sc/18455/index
2018	2292	usl+championship	17828	sacramento-republic-fc	Sacramento Republic FC	http://www.espnfc.us/club/sacramento-republic-fc/17828/index
2018	2292	usl+championship	17850	phoenix-rising-fc	Phoenix Rising FC	http://www.espnfc.us/club/phoenix-rising-fc/17850/index
2018	2292	usl+championship	18448	real-monarchs-slc	Real Monarchs SLC	http://www.espnfc.us/club/real-monarchs-slc/18448/index
2018	2292	usl+championship	18453	reno-1868-fc	Reno 1868 FC	http://www.espnfc.us/club/reno-1868-fc/18453/index
2018	2292	usl+championship	18451	portland-timbers-2	Portland Timbers 2	http://www.espnfc.us/club/portland-timbers-2/18451/index
2018	2292	usl+championship	18457	sporting-kansas-city-ii	Sporting Kansas City II	http://www.espnfc.us/club/sporting-kansas-city-ii/18457/index
2018	2292	usl+championship	17833	saint-louis-fc	Saint Louis FC	http://www.espnfc.us/club/saint-louis-fc/17833/index
2018	2292	usl+championship	18265	san-antonio-fc	San Antonio FC	http://www.espnfc.us/club/san-antonio-fc/18265/index
2018	2292	usl+championship	17831	oklahoma-city-energy-fc	Oklahoma City Energy FC	http://www.espnfc.us/club/oklahoma-city-energy-fc/17831/index
2018	2292	usl+championship	17830	colorado-springs-switchbacks-fc	Colorado Springs Switchbacks FC	http://www.espnfc.us/club/colorado-springs-switchbacks-fc/17830/index
2018	2292	usl+championship	18452	rio-grande-valley-fc-toros	Rio Grande Valley FC Toros	http://www.espnfc.us/club/rio-grande-valley-fc-toros/18452/index
2018	2292	usl+championship	18449	la-galaxy-ii	LA Galaxy II	http://www.espnfc.us/club/la-galaxy-ii/18449/index
2018	2292	usl+championship	17829	tacoma-defiance	Tacoma Defiance	http://www.espnfc.us/club/tacoma-defiance/17829/index
2018	2292	usl+championship	18446	fc-tulsa	FC Tulsa	http://www.espnfc.us/club/fc-tulsa/18446/index
2018	11	dutch+eredivisie	139	ajax-amsterdam	Ajax Amsterdam	http://www.espnfc.us/club/ajax-amsterdam/139/index
2018	11	dutch+eredivisie	148	psv-eindhoven	PSV Eindhoven	http://www.espnfc.us/club/psv-eindhoven/148/index
2018	11	dutch+eredivisie	142	feyenoord-rotterdam	Feyenoord Rotterdam	http://www.espnfc.us/club/feyenoord-rotterdam/142/index
2018	11	dutch+eredivisie	140	az-alkmaar	AZ Alkmaar	http://www.espnfc.us/club/az-alkmaar/140/index
2018	11	dutch+eredivisie	154	vitesse-arnhem	Vitesse Arnhem	http://www.espnfc.us/club/vitesse-arnhem/154/index
2018	11	dutch+eredivisie	153	fc-utrecht	FC Utrecht	http://www.espnfc.us/club/fc-utrecht/153/index
2018	11	dutch+eredivisie	3708	sc-heracles-almelo	SC Heracles Almelo	http://www.espnfc.us/club/sc-heracles-almelo/3708/index
2018	11	dutch+eredivisie	145	fc-groningen	FC Groningen	http://www.espnfc.us/club/fc-groningen/145/index
2018	11	dutch+eredivisie	2726	ado-den-haag	ADO Den Haag	http://www.espnfc.us/club/ado-den-haag/2726/index
2018	11	dutch+eredivisie	156	willem-ii-tilburg	Willem II Tilburg	http://www.espnfc.us/club/willem-ii-tilburg/156/index
2018	11	dutch+eredivisie	146	heerenveen	Heerenveen	http://www.espnfc.us/club/heerenveen/146/index
2018	11	dutch+eredivisie	3731	vvv-venlo	VVV Venlo	http://www.espnfc.us/club/vvv-venlo/3731/index
2018	11	dutch+eredivisie	2565	pec-zwolle	PEC Zwolle	http://www.espnfc.us/club/pec-zwolle/2565/index
2018	11	dutch+eredivisie	3707	fc-emmen-vv	FC Emmen VV	http://www.espnfc.us/club/fc-emmen-vv/3707/index
2018	11	dutch+eredivisie	143	fortuna-sittard	Fortuna Sittard	http://www.espnfc.us/club/fortuna-sittard/143/index
2018	11	dutch+eredivisie	2566	excelsior	Excelsior	http://www.espnfc.us/club/excelsior/2566/index
2018	11	dutch+eredivisie	144	de-graafschap	De Graafschap	http://www.espnfc.us/club/de-graafschap/144/index
2018	11	dutch+eredivisie	141	nac-breda	NAC Breda	http://www.espnfc.us/club/nac-breda/141/index
2018	14	portuguese+liga	1929	benfica	Benfica	http://www.espnfc.us/club/benfica/1929/index
2018	14	portuguese+liga	437	fc-porto	FC Porto	http://www.espnfc.us/club/fc-porto/437/index
2018	14	portuguese+liga	2250	sporting-cp	Sporting CP	http://www.espnfc.us/club/sporting-cp/2250/index
2018	14	portuguese+liga	2994	braga	Braga	http://www.espnfc.us/club/braga/2994/index
2018	14	portuguese+liga	5309	guimaraes	Guimaraes	http://www.espnfc.us/club/guimaraes/5309/index
2018	14	portuguese+liga	3696	moreirense	Moreirense	http://www.espnfc.us/club/moreirense/3696/index
2018	14	portuguese+liga	3822	rio-ave	Rio Ave	http://www.espnfc.us/club/rio-ave/3822/index
2018	14	portuguese+liga	2256	boavista	Boavista	http://www.espnfc.us/club/boavista/2256/index
2018	14	portuguese+liga	3519	belenenses	Belenenses	http://www.espnfc.us/club/belenenses/3519/index
2018	14	portuguese+liga	552	maritimo	Maritimo	http://www.espnfc.us/club/maritimo/552/index
2018	14	portuguese+liga	3719	portimonense	Portimonense	http://www.espnfc.us/club/portimonense/3719/index
2018	14	portuguese+liga	5308	vitoria-setubal	Vitoria Setubal	http://www.espnfc.us/club/vitoria-setubal/5308/index
2018	14	portuguese+liga	3472	cd-nacional-de-madeira	CD Nacional de Madeira	http://www.espnfc.us/club/cd-nacional-de-madeira/3472/index
2018	14	portuguese+liga	3717	feirense	Feirense	http://www.espnfc.us/club/feirense/3717/index
2018	18	turkish+super+lig	432	galatasaray	Galatasaray	http://www.espnfc.us/club/galatasaray/432/index
2018	18	turkish+super+lig	7914	istanbul-basaksehir	Istanbul Basaksehir	http://www.espnfc.us/club/istanbul-basaksehir/7914/index
2018	18	turkish+super+lig	1895	besiktas	Besiktas	http://www.espnfc.us/club/besiktas/1895/index
2018	18	turkish+super+lig	997	trabzonspor	Trabzonspor	http://www.espnfc.us/club/trabzonspor/997/index
2018	18	turkish+super+lig	436	fenerbahce	Fenerbahce	http://www.espnfc.us/club/fenerbahce/436/index
2018	18	turkish+super+lig	3794	antalyaspor	Antalyaspor	http://www.espnfc.us/club/antalyaspor/3794/index
2018	18	turkish+super+lig	7648	konyaspor	Konyaspor	http://www.espnfc.us/club/konyaspor/7648/index
2018	18	turkish+super+lig	9078	alanyaspor-k	Alanyaspor K	http://www.espnfc.us/club/alanyaspor-k/9078/index
2018	18	turkish+super+lig	3643	kayserispor	Kayserispor	http://www.espnfc.us/club/kayserispor/3643/index
2018	18	turkish+super+lig	7656	caykur-rizespor	Caykur Rizespor	http://www.espnfc.us/club/caykur-rizespor/7656/index
2018	18	turkish+super+lig	3691	sivasspor	Sivasspor	http://www.espnfc.us/club/sivasspor/3691/index
2018	18	turkish+super+lig	2429	ankaragucu	Ankaragucu	http://www.espnfc.us/club/ankaragucu/2429/index
2018	18	turkish+super+lig	6870	kasimpasa	Kasimpasa	http://www.espnfc.us/club/kasimpasa/6870/index
2018	18	turkish+super+lig	789	goztepe	Goztepe	http://www.espnfc.us/club/goztepe/789/index
2018	18	turkish+super+lig	810	bursaspor	Bursaspor	http://www.espnfc.us/club/bursaspor/810/index
2018	106	russian+premier+league	2533	zenit-st-petersburg	Zenit St Petersburg	http://www.espnfc.us/club/zenit-st-petersburg/2533/index
2018	106	russian+premier+league	442	lokomotiv-moscow	Lokomotiv Moscow	http://www.espnfc.us/club/lokomotiv-moscow/442/index
2018	106	russian+premier+league	11336	krasnodar	Krasnodar	http://www.espnfc.us/club/krasnodar/11336/index
2018	106	russian+premier+league	1963	cska-moscow	CSKA Moscow	http://www.espnfc.us/club/cska-moscow/1963/index
2018	106	russian+premier+league	1941	spartak-moscow	Spartak Moscow	http://www.espnfc.us/club/spartak-moscow/1941/index
2018	106	russian+premier+league	2991	akhmat-grozny	Akhmat Grozny	http://www.espnfc.us/club/akhmat-grozny/2991/index
2018	106	russian+premier+league	3852	rostov	Rostov	http://www.espnfc.us/club/rostov/3852/index
2018	106	russian+premier+league	3851	fk-rubin-kazan	FK Rubin Kazan	http://www.espnfc.us/club/fk-rubin-kazan/3851/index
2018	106	russian+premier+league	596	dinamo-moscow	Dinamo Moscow	http://www.espnfc.us/club/dinamo-moscow/596/index
2018	106	russian+premier+league	3850	krylia-sovetov	Krylia Sovetov	http://www.espnfc.us/club/krylia-sovetov/3850/index
2018	106	russian+premier+league	593	anzhi-makhachkala	Anzhi Makhachkala	http://www.espnfc.us/club/anzhi-makhachkala/593/index
2018	6	belgian+first+division+a	3616	royal-charleroi-sc	Royal Charleroi SC	http://www.espnfc.us/club/royal-charleroi-sc/3616/index
2018	6	belgian+first+division+a	936	sint-truidense	Sint-Truidense	http://www.espnfc.us/club/sint-truidense/936/index
2018	6	belgian+first+division+a	606	kvc-westerlo	KVC Westerlo	http://www.espnfc.us/club/kvc-westerlo/606/index
2018	6	belgian+first+division+a	3612	kv-oostende	KV Oostende	http://www.espnfc.us/club/kv-oostende/3612/index
2018	6	belgian+first+division+a	4689	eupen	Eupen	http://www.espnfc.us/club/eupen/4689/index
2018	6	belgian+first+division+a	991	kfco-beerschot-wilrijk	KFCO Beerschot-Wilrijk	http://www.espnfc.us/club/kfco-beerschot-wilrijk/991/index
2018	6	belgian+first+division+a	5786	kv-kortrijk	KV Kortrijk	http://www.espnfc.us/club/kv-kortrijk/5786/index
2018	6	belgian+first+division+a	5807	union-st-gilloise	Union St.-Gilloise	http://www.espnfc.us/club/union-st-gilloise/5807/index
2018	6	belgian+first+division+a	4691	zulte-waregem	Zulte-Waregem	http://www.espnfc.us/club/zulte-waregem/4691/index
2018	6	belgian+first+division+a	3610	cercle-brugge-ksv	Cercle Brugge KSV	http://www.espnfc.us/club/cercle-brugge-ksv/3610/index
2018	2323	united+states+nwsl+women's+league	15366	north-carolina-courage	North Carolina Courage	http://www.espnfc.us/club/north-carolina-courage/15366/index
2018	2323	united+states+nwsl+women's+league	15362	portland-thorns-fc	Portland Thorns FC	http://www.espnfc.us/club/portland-thorns-fc/15362/index
2018	2323	united+states+nwsl+women's+league	15363	reign-fc	Reign FC	http://www.espnfc.us/club/reign-fc/15363/index
2018	2323	united+states+nwsl+women's+league	15360	chicago-red-stars	Chicago Red Stars	http://www.espnfc.us/club/chicago-red-stars/15360/index
2018	2323	united+states+nwsl+women's+league	17346	houston-dash	Houston Dash	http://www.espnfc.us/club/houston-dash/17346/index
2018	2323	united+states+nwsl+women's+league	15365	washington-spirit	Washington Spirit	http://www.espnfc.us/club/washington-spirit/15365/index
2018	2323	united+states+nwsl+women's+league	15364	sky-blue-fc	Sky Blue FC	http://www.espnfc.us/club/sky-blue-fc/15364/index
2018	7	danish+sas-ligaen	7853	agf-aarhus	AGF Aarhus	http://www.espnfc.us/club/agf-aarhus/7853/index
2018	7	danish+sas-ligaen	8118	sonderjyske	Sonderjyske	http://www.espnfc.us/club/sonderjyske/8118/index
2018	7	danish+sas-ligaen	3585	ac-horsens	AC Horsens	http://www.espnfc.us/club/ac-horsens/3585/index
2018	7	danish+sas-ligaen	3132	randers-fc	Randers FC	http://www.espnfc.us/club/randers-fc/3132/index
2018	7	danish+sas-ligaen	2986	aab	AaB	http://www.espnfc.us/club/aab/2986/index
2018	5	austrian+bundesliga	2790	fc-salzburg	FC Salzburg	http://www.espnfc.us/club/fc-salzburg/2790/index
2018	5	austrian+bundesliga	4411	lask-linz	LASK Linz	http://www.espnfc.us/club/lask-linz/4411/index
2018	5	austrian+bundesliga	3746	sk-sturm-graz	SK Sturm Graz	http://www.espnfc.us/club/sk-sturm-graz/3746/index
2018	5	austrian+bundesliga	1382	austria-vienna	Austria Vienna	http://www.espnfc.us/club/austria-vienna/1382/index
2018	5	austrian+bundesliga	519	rapid-vienna	Rapid Vienna	http://www.espnfc.us/club/rapid-vienna/519/index
2018	5	austrian+bundesliga	3745	sv-mattersburg	SV Mattersburg	http://www.espnfc.us/club/sv-mattersburg/3745/index
2018	5	austrian+bundesliga	4405	sc-rheindorf-altach	SC Rheindorf Altach	http://www.espnfc.us/club/sc-rheindorf-altach/4405/index
2018	5	austrian+bundesliga	6907	tsv-hartberg	TSV Hartberg	http://www.espnfc.us/club/tsv-hartberg/6907/index
2018	16	swedish+allsvenskanliga	994	aik	AIK	http://www.espnfc.us/club/aik/994/index
2018	16	swedish+allsvenskanliga	8544	ifk-norrkoping	IFK Norrkoping	http://www.espnfc.us/club/ifk-norrkoping/8544/index
2018	16	swedish+allsvenskanliga	2720	malmo-ff	Malmo FF	http://www.espnfc.us/club/malmo-ff/2720/index
2018	16	swedish+allsvenskanliga	2495	hammarby	Hammarby	http://www.espnfc.us/club/hammarby/2495/index
2018	16	swedish+allsvenskanliga	7834	bk-hacken	BK Hacken	http://www.espnfc.us/club/bk-hacken/7834/index
2018	16	swedish+allsvenskanliga	5043	ostersunds-fk	Östersunds FK	http://www.espnfc.us/club/ostersunds-fk/5043/index
2018	16	swedish+allsvenskanliga	2339	djurgardens-if	Djurgardens IF	http://www.espnfc.us/club/djurgardens-if/2339/index
2018	16	swedish+allsvenskanliga	3010	gif-sundsvall	GIF Sundsvall	http://www.espnfc.us/club/gif-sundsvall/3010/index
2018	16	swedish+allsvenskanliga	7944	orebro-sk	Orebro SK	http://www.espnfc.us/club/orebro-sk/7944/index
2018	16	swedish+allsvenskanliga	3052	kalmar-ff	Kalmar FF	http://www.espnfc.us/club/kalmar-ff/3052/index
2018	16	swedish+allsvenskanliga	2556	ifk	IFK	http://www.espnfc.us/club/ifk/2556/index
2018	16	swedish+allsvenskanliga	529	elfsborg	Elfsborg	http://www.espnfc.us/club/elfsborg/529/index
2018	16	swedish+allsvenskanliga	8547	sirius	Sirius	http://www.espnfc.us/club/sirius/8547/index
2018	16	swedish+allsvenskanliga	8221	brommapojkarna	Brommapojkarna	http://www.espnfc.us/club/brommapojkarna/8221/index
2018	16	swedish+allsvenskanliga	8138	trelleborgs-ff	Trelleborgs FF	http://www.espnfc.us/club/trelleborgs-ff/8138/index
2018	17	swiss+super+league	2722	young-boys	Young Boys	http://www.espnfc.us/club/young-boys/2722/index
2018	17	swiss+super+league	989	fc-basel	FC Basel	http://www.espnfc.us/club/fc-basel/989/index
2018	17	swiss+super+league	7672	fc-lugano	FC Lugano	http://www.espnfc.us/club/fc-lugano/7672/index
2018	17	swiss+super+league	3024	fc-thun	FC Thun	http://www.espnfc.us/club/fc-thun/3024/index
2018	17	swiss+super+league	7640	lucerne	Lucerne	http://www.espnfc.us/club/lucerne/7640/index
2018	17	swiss+super+league	557	st-gallen	St Gallen	http://www.espnfc.us/club/st-gallen/557/index
2018	17	swiss+super+league	3019	fc-zurich	FC Zürich	http://www.espnfc.us/club/fc-zurich/3019/index
2018	17	swiss+super+league	3076	fc-sion	FC Sion	http://www.espnfc.us/club/fc-sion/3076/index
2018	17	swiss+super+league	7698	neuchatel-xamax	Neuchatel Xamax	http://www.espnfc.us/club/neuchatel-xamax/7698/index
2018	17	swiss+super+league	492	grasshoppers	Grasshoppers	http://www.espnfc.us/club/grasshoppers/492/index
2018	508	northern+irish+premiership	2555	linfield	Linfield	http://www.espnfc.us/club/linfield/2555/index
2018	508	northern+irish+premiership	7595	ballymena	Ballymena	http://www.espnfc.us/club/ballymena/7595/index
2018	508	northern+irish+premiership	573	glenavon	Glenavon	http://www.espnfc.us/club/glenavon/573/index
2018	508	northern+irish+premiership	7599	crusaders	Crusaders	http://www.espnfc.us/club/crusaders/7599/index
2018	508	northern+irish+premiership	7597	cliftonville	Cliftonville	http://www.espnfc.us/club/cliftonville/7597/index
2018	508	northern+irish+premiership	2723	coleraine	Coleraine	http://www.espnfc.us/club/coleraine/2723/index
2018	508	northern+irish+premiership	571	glentoran	Glentoran	http://www.espnfc.us/club/glentoran/571/index
2018	508	northern+irish+premiership	4913	institute	Institute	http://www.espnfc.us/club/institute/4913/index
2018	508	northern+irish+premiership	4926	dungannon-swifts	Dungannon Swifts	http://www.espnfc.us/club/dungannon-swifts/4926/index
2018	116	irish+premier+division	2559	dundalk	Dundalk	http://www.espnfc.us/club/dundalk/2559/index
2018	116	irish+premier+division	5252	cork	Cork	http://www.espnfc.us/club/cork/5252/index
2018	116	irish+premier+division	2564	shamrock-rovers	Shamrock Rovers	http://www.espnfc.us/club/shamrock-rovers/2564/index
2018	116	irish+premier+division	7588	st-patricks	St Patricks	http://www.espnfc.us/club/st-patricks/7588/index
2018	116	irish+premier+division	615	bohemians	Bohemians	http://www.espnfc.us/club/bohemians/615/index
2018	116	irish+premier+division	7601	sligo	Sligo	http://www.espnfc.us/club/sligo/7601/index
2018	116	irish+premier+division	2712	derry-city	Derry City	http://www.espnfc.us/club/derry-city/2712/index
2018	116	irish+premier+division	3596	limerick-fc	Limerick FC	http://www.espnfc.us/club/limerick-fc/3596/index
2018	116	irish+premier+division	7586	bray	Bray	http://www.espnfc.us/club/bray/7586/index
2018	113	welsh+premier+league	576	the-new-saints	The New Saints	http://www.espnfc.us/club/the-new-saints/576/index
2018	113	welsh+premier+league	7591	connahs-quay	Connah's Quay	http://www.espnfc.us/club/connahs-quay/7591/index
2018	113	welsh+premier+league	621	barry-town	Barry Town	http://www.espnfc.us/club/barry-town/621/index
2018	113	welsh+premier+league	7590	caernarfon	Caernarfon	http://www.espnfc.us/club/caernarfon/7590/index
2018	113	welsh+premier+league	4172	newtown	Newtown	http://www.espnfc.us/club/newtown/4172/index
2018	113	welsh+premier+league	7612	aberystwyth	Aberystwyth	http://www.espnfc.us/club/aberystwyth/7612/index
2018	113	welsh+premier+league	5251	carmarthen	Carmarthen	http://www.espnfc.us/club/carmarthen/5251/index
2018	113	welsh+premier+league	7593	cefn-druids	Cefn Druids	http://www.espnfc.us/club/cefn-druids/7593/index
2018	113	welsh+premier+league	3007	llanelli	Llanelli	http://www.espnfc.us/club/llanelli/3007/index
2018	2342	nigerian+professional+league	2227	enyimba	Enyimba	http://www.espnfc.us/club/enyimba/2227/index
2018	1949	bolivian+liga+profesional	6052	san-jose	San José	http://www.espnfc.us/club/san-jose/6052/index
2018	1949	bolivian+liga+profesional	2681	bolivar	Bolívar	http://www.espnfc.us/club/bolivar/2681/index
2018	1949	bolivian+liga+profesional	2687	the-strongest	The Strongest	http://www.espnfc.us/club/the-strongest/2687/index
2018	1949	bolivian+liga+profesional	6054	wilstermann	Wilstermann	http://www.espnfc.us/club/wilstermann/6054/index
2018	1949	bolivian+liga+profesional	10311	nacional-potosi	Nacional Potosí	http://www.espnfc.us/club/nacional-potosi/10311/index
2018	1949	bolivian+liga+profesional	6047	blooming	Blooming	http://www.espnfc.us/club/blooming/6047/index
2018	1949	bolivian+liga+profesional	2682	oriente-petrolero	Oriente Petrolero	http://www.espnfc.us/club/oriente-petrolero/2682/index
2018	1949	bolivian+liga+profesional	9497	guabira	Guabirá	http://www.espnfc.us/club/guabira/9497/index
2018	1949	bolivian+liga+profesional	6046	aurora	Aurora	http://www.espnfc.us/club/aurora/6046/index
2018	1949	bolivian+liga+profesional	6149	universitario-de-sucre	Universitario de Sucre	http://www.espnfc.us/club/universitario-de-sucre/6149/index
2018	1949	bolivian+liga+profesional	6051	real-potosi	Real Potosí	http://www.espnfc.us/club/real-potosi/6051/index
2018	1949	bolivian+liga+profesional	6048	destroyers	Destroyers	http://www.espnfc.us/club/destroyers/6048/index
2018	1543	colombian+primera+a	5489	deportes-tolima	Deportes Tolima	http://www.espnfc.us/club/deportes-tolima/5489/index
2018	1543	colombian+primera+a	2919	once-caldas	Once Caldas	http://www.espnfc.us/club/once-caldas/2919/index
2018	1543	colombian+primera+a	7445	la-equidad	La Equidad	http://www.espnfc.us/club/la-equidad/7445/index
2018	1543	colombian+primera+a	6137	bucaramanga	Bucaramanga	http://www.espnfc.us/club/bucaramanga/6137/index
2018	1543	colombian+primera+a	2690	independiente-medellin	Independiente Medellín	http://www.espnfc.us/club/independiente-medellin/2690/index
2018	1543	colombian+primera+a	4815	atletico-junior	Atlético Junior	http://www.espnfc.us/club/atletico-junior/4815/index
2018	1543	colombian+primera+a	5264	atletico-nacional	Atlético Nacional	http://www.espnfc.us/club/atletico-nacional/5264/index
2018	1543	colombian+primera+a	9762	rionegro-aguilas	Rionegro Águilas	http://www.espnfc.us/club/rionegro-aguilas/9762/index
2018	1543	colombian+primera+a	5488	independiente-santa-fe	Independiente Santa Fe	http://www.espnfc.us/club/independiente-santa-fe/5488/index
2018	1543	colombian+primera+a	2672	deportivo-cali	Deportivo Cali	http://www.espnfc.us/club/deportivo-cali/2672/index
2018	1543	colombian+primera+a	5484	millonarios	Millonarios	http://www.espnfc.us/club/millonarios/5484/index
2018	1543	colombian+primera+a	8109	america-de-cali	América de Cali	http://www.espnfc.us/club/america-de-cali/8109/index
2018	1543	colombian+primera+a	5481	envigado	Envigado	http://www.espnfc.us/club/envigado/5481/index
2018	1543	colombian+primera+a	5480	boyaca-chico	Boyacá Chicó	http://www.espnfc.us/club/boyaca-chico/5480/index
2018	1543	colombian+primera+a	9773	patriotas	Patriotas	http://www.espnfc.us/club/patriotas/9773/index
2018	1543	colombian+primera+a	9761	alianza-petrolera	Alianza Petrolera	http://www.espnfc.us/club/alianza-petrolera/9761/index
2018	1543	colombian+primera+a	5482	atletico-huila	Atlético Huila	http://www.espnfc.us/club/atletico-huila/5482/index
2018	1543	colombian+primera+a	5485	deportivo-pasto	Deportivo Pasto	http://www.espnfc.us/club/deportivo-pasto/5485/index
2018	1543	colombian+primera+a	10309	jaguares-de-cordoba	Jaguares de Córdoba	http://www.espnfc.us/club/jaguares-de-cordoba/10309/index
2018	1543	colombian+primera+a	9769	leones	Leones	http://www.espnfc.us/club/leones/9769/index
2018	86	chilean+primera+division	885	universidad-catolica	Universidad Católica	http://www.espnfc.us/club/universidad-catolica/885/index
2018	86	chilean+primera+division	5362	universidad-de-concepcion	Universidad de Concepción	http://www.espnfc.us/club/universidad-de-concepcion/5362/index
2018	86	chilean+primera+division	4139	universidad-de-chile	Universidad de Chile	http://www.espnfc.us/club/universidad-de-chile/4139/index
2018	86	chilean+primera+division	6071	antofagasta	Antofagasta	http://www.espnfc.us/club/antofagasta/6071/index
2018	86	chilean+primera+division	2688	colo-colo	Colo Colo	http://www.espnfc.us/club/colo-colo/2688/index
2018	86	chilean+primera+division	10144	union-la-calera	Unión La Calera	http://www.espnfc.us/club/union-la-calera/10144/index
2018	86	chilean+primera+division	4132	union-espanola	Unión Española	http://www.espnfc.us/club/union-espanola/4132/index
2018	86	chilean+primera+division	6072	ohiggins	O'Higgins	http://www.espnfc.us/club/ohiggins/6072/index
2018	86	chilean+primera+division	4134	huachipato	Huachipato	http://www.espnfc.us/club/huachipato/4134/index
2018	86	chilean+primera+division	4138	audax-italiano	Audax Italiano	http://www.espnfc.us/club/audax-italiano/4138/index
2018	86	chilean+primera+division	4129	everton-cd	Everton CD	http://www.espnfc.us/club/everton-cd/4129/index
2018	86	chilean+primera+division	4422	palestino	Palestino	http://www.espnfc.us/club/palestino/4422/index
2018	86	chilean+primera+division	10142	deportes-iquique	Deportes Iquique	http://www.espnfc.us/club/deportes-iquique/10142/index
2018	86	chilean+primera+division	4128	deportes-temuco	Deportes Temuco	http://www.espnfc.us/club/deportes-temuco/4128/index
2018	86	chilean+primera+division	10143	san-luis	San Luis	http://www.espnfc.us/club/san-luis/10143/index
2018	1944	ecuadoran+primera+a	2668	emelec	Emelec	http://www.espnfc.us/club/emelec/2668/index
2018	1944	ecuadoran+primera+a	18439	macara	Macará	http://www.espnfc.us/club/macara/18439/index
2018	1944	ecuadoran+primera+a	4816	liga-de-quito	Liga de Quito	http://www.espnfc.us/club/liga-de-quito/4816/index
2018	1944	ecuadoran+primera+a	1011	delfin	Delfín	http://www.espnfc.us/club/delfin/1011/index
2018	1944	ecuadoran+primera+a	2686	barcelona-sc	Barcelona SC	http://www.espnfc.us/club/barcelona-sc/2686/index
2018	1944	ecuadoran+primera+a	17086	independiente-del-valle	Independiente del Valle	http://www.espnfc.us/club/independiente-del-valle/17086/index
2018	1944	ecuadoran+primera+a	6017	aucas	Aucas	http://www.espnfc.us/club/aucas/6017/index
2018	1944	ecuadoran+primera+a	9283	universidad-catolica-quito	Universidad Católica (Quito)	http://www.espnfc.us/club/universidad-catolica-quito/9283/index
2018	1944	ecuadoran+primera+a	9292	tecnico-universitario	Técnico Universitario	http://www.espnfc.us/club/tecnico-universitario/9292/index
2018	1944	ecuadoran+primera+a	4812	deportivo-cuenca	Deportivo Cuenca	http://www.espnfc.us/club/deportivo-cuenca/4812/index
2018	1944	ecuadoran+primera+a	882	el-nacional	El Nacional	http://www.espnfc.us/club/el-nacional/882/index
2018	1944	ecuadoran+primera+a	11124	guayaquil-city-fc	Guayaquil City FC	http://www.espnfc.us/club/guayaquil-city-fc/11124/index
2018	1813	peruvian+primera+profesional	7312	melgar	Melgar	http://www.espnfc.us/club/melgar/7312/index
2018	1813	peruvian+primera+profesional	2680	alianza-lima	Alianza Lima	http://www.espnfc.us/club/alianza-lima/2680/index
2018	1813	peruvian+primera+profesional	10116	ayacucho-fc	Ayacucho FC	http://www.espnfc.us/club/ayacucho-fc/10116/index
2018	1813	peruvian+primera+profesional	2673	sporting-cristal	Sporting Cristal	http://www.espnfc.us/club/sporting-cristal/2673/index
2018	1813	peruvian+primera+profesional	2685	universitario	Universitario	http://www.espnfc.us/club/universitario/2685/index
2018	1813	peruvian+primera+profesional	3359	san-martin	San Martin	http://www.espnfc.us/club/san-martin/3359/index
2018	1813	peruvian+primera+profesional	7548	deportivo-municipal	Deportivo Municipal	http://www.espnfc.us/club/deportivo-municipal/7548/index
2018	1813	peruvian+primera+profesional	5570	sport-boys	Sport Boys	http://www.espnfc.us/club/sport-boys/5570/index
2018	1813	peruvian+primera+profesional	10122	utc	UTC	http://www.espnfc.us/club/utc/10122/index
2018	1813	peruvian+primera+profesional	10318	sport-huancayo	Sport Huancayo	http://www.espnfc.us/club/sport-huancayo/10318/index
2018	1892	paraguayan+primera+division	2675	olimpia	Olimpia	http://www.espnfc.us/club/olimpia/2675/index
2018	1892	paraguayan+primera+division	2671	cerro-porteno	Cerro Porteño	http://www.espnfc.us/club/cerro-porteno/2671/index
2018	1892	paraguayan+primera+division	2670	libertad	Libertad	http://www.espnfc.us/club/libertad/2670/index
2018	1892	paraguayan+primera+division	7465	sol-de-america	Sol de América	http://www.espnfc.us/club/sol-de-america/7465/index
2018	1892	paraguayan+primera+division	5584	nacional	Nacional	http://www.espnfc.us/club/nacional/5584/index
2018	1892	paraguayan+primera+division	5265	guarani	Guaraní	http://www.espnfc.us/club/guarani/5265/index
2018	1892	paraguayan+primera+division	5581	3-de-febrero	3 de Febrero	http://www.espnfc.us/club/3-de-febrero/5581/index
2018	1892	paraguayan+primera+division	5583	sportivo-luqueno	Sportivo Luqueño	http://www.espnfc.us/club/sportivo-luqueno/5583/index
2018	1892	paraguayan+primera+division	10078	general-diaz	General Díaz	http://www.espnfc.us/club/general-diaz/10078/index
2018	1592	uruguayan+primera+division	2683	penarol	Peñarol	http://www.espnfc.us/club/penarol/2683/index
2018	1592	uruguayan+primera+division	2684	nacional	Nacional	http://www.espnfc.us/club/nacional/2684/index
2018	1592	uruguayan+primera+division	5501	wanderers	Wanderers	http://www.espnfc.us/club/wanderers/5501/index
2018	1592	uruguayan+primera+division	9903	racing	Racing	http://www.espnfc.us/club/racing/9903/index
2018	1592	uruguayan+primera+division	5492	liverpool	Liverpool	http://www.espnfc.us/club/liverpool/5492/index
2018	1592	uruguayan+primera+division	1007	defensor-sporting	Defensor Sporting	http://www.espnfc.us/club/defensor-sporting/1007/index
2018	1592	uruguayan+primera+division	6866	progreso	Progreso	http://www.espnfc.us/club/progreso/6866/index
2018	1592	uruguayan+primera+division	5496	rampla-juniors	Rampla Juniors	http://www.espnfc.us/club/rampla-juniors/5496/index
2018	1592	uruguayan+primera+division	5490	cerro	Cerro	http://www.espnfc.us/club/cerro/5490/index
2018	1592	uruguayan+primera+division	4817	danubio	Danubio	http://www.espnfc.us/club/danubio/4817/index
2018	1592	uruguayan+primera+division	2689	fenix	Fénix	http://www.espnfc.us/club/fenix/2689/index
2018	1592	uruguayan+primera+division	5498	river-plate	River Plate	http://www.espnfc.us/club/river-plate/5498/index
2018	1592	uruguayan+primera+division	9999	boston-river	Boston River	http://www.espnfc.us/club/boston-river/9999/index
2018	1592	uruguayan+primera+division	9997	atenas	Atenas	http://www.espnfc.us/club/atenas/9997/index
2018	1592	uruguayan+primera+division	10002	el-tanque-sisley	El Tanque Sisley	http://www.espnfc.us/club/el-tanque-sisley/10002/index
2018	1947	venezuelan+primera+profesional	6041	monagas-sc	Monagas SC	http://www.espnfc.us/club/monagas-sc/6041/index
2018	1947	venezuelan+primera+profesional	4818	deportivo-tachira	Deportivo Táchira	http://www.espnfc.us/club/deportivo-tachira/4818/index
2018	1947	venezuelan+primera+profesional	5268	trujillanos	Trujillanos	http://www.espnfc.us/club/trujillanos/5268/index
2018	1947	venezuelan+primera+profesional	6038	estudiantes-de-merida	Estudiantes de Mérida	http://www.espnfc.us/club/estudiantes-de-merida/6038/index
2018	1947	venezuelan+primera+profesional	6763	zamora	Zamora	http://www.espnfc.us/club/zamora/6763/index
2018	1947	venezuelan+primera+profesional	4811	caracas-fc	Caracas FC	http://www.espnfc.us/club/caracas-fc/4811/index
2018	1947	venezuelan+primera+profesional	9789	zulia	Zulia	http://www.espnfc.us/club/zulia/9789/index
2018	1947	venezuelan+primera+profesional	8203	deportivo-anzoategui	Deportivo Anzoátegui	http://www.espnfc.us/club/deportivo-anzoategui/8203/index
2018	1947	venezuelan+primera+profesional	6037	carabobo	Carabobo	http://www.espnfc.us/club/carabobo/6037/index
2018	1947	venezuelan+primera+profesional	6036	aragua	Aragua	http://www.espnfc.us/club/aragua/6036/index
2018	1947	venezuelan+primera+profesional	6762	portuguesa	Portuguesa	http://www.espnfc.us/club/portuguesa/6762/index
2018	26	english+league+two	314	lincoln-city	Lincoln City	http://www.espnfc.us/club/lincoln-city/314/index
2018	26	english+league+two	354	bury	Bury	http://www.espnfc.us/club/bury/354/index
2018	26	english+league+two	390	milton-keynes-dons	Milton Keynes Dons	http://www.espnfc.us/club/milton-keynes-dons/390/index
2018	26	english+league+two	304	mansfield-town	Mansfield Town	http://www.espnfc.us/club/mansfield-town/304/index
2018	26	english+league+two	282	forest-green-rovers	Forest Green Rovers	http://www.espnfc.us/club/forest-green-rovers/282/index
2018	26	english+league+two	345	tranmere-rovers	Tranmere Rovers	http://www.espnfc.us/club/tranmere-rovers/345/index
2018	26	english+league+two	635	newport-county	Newport County	http://www.espnfc.us/club/newport-county/635/index
2018	26	english+league+two	339	colchester-united	Colchester United	http://www.espnfc.us/club/colchester-united/339/index
2018	26	english+league+two	324	exeter-city	Exeter City	http://www.espnfc.us/club/exeter-city/324/index
2018	26	english+league+two	285	stevenage	Stevenage	http://www.espnfc.us/club/stevenage/285/index
2018	26	english+league+two	322	carlisle-united	Carlisle United	http://www.espnfc.us/club/carlisle-united/322/index
2018	26	english+league+two	396	crewe-alexandra	Crewe Alexandra	http://www.espnfc.us/club/crewe-alexandra/396/index
2018	26	english+league+two	341	swindon-town	Swindon Town	http://www.espnfc.us/club/swindon-town/341/index
2018	26	english+league+two	332	oldham-athletic	Oldham Athletic	http://www.espnfc.us/club/oldham-athletic/332/index
2018	26	english+league+two	353	northampton-town	Northampton Town	http://www.espnfc.us/club/northampton-town/353/index
2018	26	english+league+two	320	cheltenham-town	Cheltenham Town	http://www.espnfc.us/club/cheltenham-town/320/index
2018	26	english+league+two	386	grimsby-town	Grimsby Town	http://www.espnfc.us/club/grimsby-town/386/index
2018	26	english+league+two	278	morecambe	Morecambe	http://www.espnfc.us/club/morecambe/278/index
2018	26	english+league+two	2594	crawley-town	Crawley Town	http://www.espnfc.us/club/crawley-town/2594/index
2018	26	english+league+two	348	port-vale	Port Vale	http://www.espnfc.us/club/port-vale/348/index
2018	26	english+league+two	351	cambridge-united	Cambridge United	http://www.espnfc.us/club/cambridge-united/351/index
2018	26	english+league+two	316	macclesfield-town	Macclesfield Town	http://www.espnfc.us/club/macclesfield-town/316/index
2018	26	english+league+two	340	notts-county	Notts County	http://www.espnfc.us/club/notts-county/340/index
2018	26	english+league+two	284	yeovil-town	Yeovil Town	http://www.espnfc.us/club/yeovil-town/284/index
2018	96	french+ligue+2	177	metz	Metz	http://www.espnfc.us/club/metz/177/index
2018	96	french+ligue+2	6997	brest	Brest	http://www.espnfc.us/club/brest/6997/index
2018	96	french+ligue+2	170	troyes	Troyes	http://www.espnfc.us/club/troyes/170/index
2018	96	french+ligue+2	6851	paris-fc	Paris FC	http://www.espnfc.us/club/paris-fc/6851/index
2018	96	french+ligue+2	175	lens	Lens	http://www.espnfc.us/club/lens/175/index
2018	96	french+ligue+2	273	lorient	Lorient	http://www.espnfc.us/club/lorient/273/index
2018	96	french+ligue+2	3236	le-havre-ac	Le Havre AC	http://www.espnfc.us/club/le-havre-ac/3236/index
2018	96	french+ligue+2	6994	grenoble	Grenoble	http://www.espnfc.us/club/grenoble/6994/index
2018	96	french+ligue+2	3171	clermont-foot	Clermont Foot	http://www.espnfc.us/club/clermont-foot/3171/index
2018	96	french+ligue+2	2995	chateauroux	Chateauroux	http://www.espnfc.us/club/chateauroux/2995/index
2018	96	french+ligue+2	6990	niort	Niort	http://www.espnfc.us/club/niort/6990/index
2018	96	french+ligue+2	6732	valenciennes	Valenciennes	http://www.espnfc.us/club/valenciennes/6732/index
2018	96	french+ligue+2	3267	as-nancy-lorraine	AS Nancy Lorraine	http://www.espnfc.us/club/as-nancy-lorraine/3267/index
2018	96	french+ligue+2	172	aj-auxerre	AJ Auxerre	http://www.espnfc.us/club/aj-auxerre/172/index
2018	96	french+ligue+2	272	sochaux	Sochaux	http://www.espnfc.us/club/sochaux/272/index
2018	96	french+ligue+2	2503	ac-ajaccio	AC Ajaccio	http://www.espnfc.us/club/ac-ajaccio/2503/index
2018	96	french+ligue+2	7707	gfc-ajaccio	GFC Ajaccio	http://www.espnfc.us/club/gfc-ajaccio/7707/index
2018	97	german+2.+bundesliga	122	fc-cologne	FC Cologne	http://www.espnfc.us/club/fc-cologne/122/index
2018	97	german+2.+bundesliga	3307	sc-paderborn-07	SC Paderborn 07	http://www.espnfc.us/club/sc-paderborn-07/3307/index
2018	97	german+2.+bundesliga	598	fc-union-berlin	FC Union Berlin	http://www.espnfc.us/club/fc-union-berlin/598/index
2018	97	german+2.+bundesliga	127	hamburg-sv	Hamburg SV	http://www.espnfc.us/club/hamburg-sv/127/index
2018	97	german+2.+bundesliga	6418	1-fc-heidenheim	1. FC Heidenheim	http://www.espnfc.us/club/1-fc-heidenheim/6418/index
2018	97	german+2.+bundesliga	7884	holstein-kiel	Holstein Kiel	http://www.espnfc.us/club/holstein-kiel/7884/index
2018	97	german+2.+bundesliga	2506	arminia-bielefeld	Arminia Bielefeld	http://www.espnfc.us/club/arminia-bielefeld/2506/index
2018	97	german+2.+bundesliga	11017	ssv-jahn-regensburg	SSV Jahn Regensburg	http://www.espnfc.us/club/ssv-jahn-regensburg/11017/index
2018	97	german+2.+bundesliga	270	st-pauli	St Pauli	http://www.espnfc.us/club/st-pauli/270/index
2018	97	german+2.+bundesliga	3812	sv-darmstadt-98	SV Darmstadt 98	http://www.espnfc.us/club/sv-darmstadt-98/3812/index
2018	97	german+2.+bundesliga	121	vfl-bochum	VfL Bochum	http://www.espnfc.us/club/vfl-bochum/121/index
2018	97	german+2.+bundesliga	7017	dynamo-dresden	Dynamo Dresden	http://www.espnfc.us/club/dynamo-dresden/7017/index
2018	97	german+2.+bundesliga	3070	spvgg-greuther-furth	SpVgg Greuther Furth	http://www.espnfc.us/club/spvgg-greuther-furth/3070/index
2018	97	german+2.+bundesliga	3849	fc-erzgebirge-aue	FC Erzgebirge Aue	http://www.espnfc.us/club/fc-erzgebirge-aue/3849/index
2018	97	german+2.+bundesliga	6392	sv-sandhausen	SV Sandhausen	http://www.espnfc.us/club/sv-sandhausen/6392/index
2018	97	german+2.+bundesliga	6367	fc-ingolstadt-04	FC Ingolstadt 04	http://www.espnfc.us/club/fc-ingolstadt-04/6367/index
2018	97	german+2.+bundesliga	10382	1-fc-magdeburg	1. FC Magdeburg	http://www.espnfc.us/club/1-fc-magdeburg/10382/index
2018	97	german+2.+bundesliga	3308	msv-duisburg	MSV Duisburg	http://www.espnfc.us/club/msv-duisburg/3308/index
2018	99	italian+serie+b	108	brescia	Brescia	http://www.espnfc.us/club/brescia/108/index
2018	99	italian+serie+b	113	lecce	Lecce	http://www.espnfc.us/club/lecce/113/index
2018	99	italian+serie+b	4059	benevento	Benevento	http://www.espnfc.us/club/benevento/4059/index
2018	99	italian+serie+b	3290	us-pescara	US Pescara	http://www.espnfc.us/club/us-pescara/3290/index
2018	99	italian+serie+b	119	hellas-verona	Hellas Verona	http://www.espnfc.us/club/hellas-verona/119/index
2018	99	italian+serie+b	4056	spezia	Spezia	http://www.espnfc.us/club/spezia/4056/index
2018	99	italian+serie+b	3943	cittadella	Cittadella	http://www.espnfc.us/club/cittadella/3943/index
2018	99	italian+serie+b	116	perugia	Perugia	http://www.espnfc.us/club/perugia/116/index
2018	99	italian+serie+b	4050	cremonese	Cremonese	http://www.espnfc.us/club/cremonese/4050/index
2018	99	italian+serie+b	8683	cosenza	Cosenza	http://www.espnfc.us/club/cosenza/8683/index
2018	99	italian+serie+b	2923	palermo	Palermo	http://www.espnfc.us/club/palermo/2923/index
2018	99	italian+serie+b	3173	crotone	Crotone	http://www.espnfc.us/club/crotone/3173/index
2018	99	italian+serie+b	3346	ascoli	Ascoli	http://www.espnfc.us/club/ascoli/3346/index
2018	99	italian+serie+b	2926	livorno	Livorno	http://www.espnfc.us/club/livorno/2926/index
2018	99	italian+serie+b	3240	salernitana	Salernitana	http://www.espnfc.us/club/salernitana/3240/index
2018	99	italian+serie+b	4054	foggia	Foggia	http://www.espnfc.us/club/foggia/4054/index
2018	99	italian+serie+b	3952	padova	Padova	http://www.espnfc.us/club/padova/3952/index
2018	99	italian+serie+b	11126	carpi	Carpi	http://www.espnfc.us/club/carpi/11126/index
2018	2199	japanese+j1+league	7112	kawasaki-frontale	Kawasaki Frontale	http://www.espnfc.us/club/kawasaki-frontale/7112/index
2018	2199	japanese+j1+league	7114	sanfrecce-hiroshima	Sanfrecce Hiroshima	http://www.espnfc.us/club/sanfrecce-hiroshima/7114/index
2018	2199	japanese+j1+league	7115	kashima-antlers	Kashima Antlers	http://www.espnfc.us/club/kashima-antlers/7115/index
2018	2199	japanese+j1+league	9249	consadole-sapporo	Consadole Sapporo	http://www.espnfc.us/club/consadole-sapporo/9249/index
2018	2199	japanese+j1+league	3385	urawa-red-diamonds	Urawa Red Diamonds	http://www.espnfc.us/club/urawa-red-diamonds/3385/index
2018	2199	japanese+j1+league	3384	fc-tokyo	FC Tokyo	http://www.espnfc.us/club/fc-tokyo/3384/index
2018	2199	japanese+j1+league	7109	cerezo-osaka	Cerezo Osaka	http://www.espnfc.us/club/cerezo-osaka/7109/index
2018	2199	japanese+j1+league	7104	shimizu-s-pulse	Shimizu S-Pulse	http://www.espnfc.us/club/shimizu-s-pulse/7104/index
2018	2199	japanese+j1+league	7102	gamba-osaka	Gamba Osaka	http://www.espnfc.us/club/gamba-osaka/7102/index
2018	2199	japanese+j1+league	7477	vissel-kobe	Vissel Kobe	http://www.espnfc.us/club/vissel-kobe/7477/index
2018	2199	japanese+j1+league	6918	vegalta-sendai	Vegalta Sendai	http://www.espnfc.us/club/vegalta-sendai/6918/index
2018	2199	japanese+j1+league	7116	yokohama-f-marinos	Yokohama F. Marinos	http://www.espnfc.us/club/yokohama-f-marinos/7116/index
2018	2199	japanese+j1+league	6902	shonan-bellmare	Shonan Bellmare	http://www.espnfc.us/club/shonan-bellmare/6902/index
2018	2199	japanese+j1+league	6911	sagan-tosu	Sagan Tosu	http://www.espnfc.us/club/sagan-tosu/6911/index
2018	2199	japanese+j1+league	7108	nagoya-grampus	Nagoya Grampus	http://www.espnfc.us/club/nagoya-grampus/7108/index
2018	2199	japanese+j1+league	7106	jubilo-iwata	Jubilo Iwata	http://www.espnfc.us/club/jubilo-iwata/7106/index
2018	2199	japanese+j1+league	7476	kashiwa-reysol	Kashiwa Reysol	http://www.espnfc.us/club/kashiwa-reysol/7476/index
2018	2338	singaporean+premier+league	8011	albirex-niigata	Albirex Niigata	http://www.espnfc.us/club/albirex-niigata/8011/index
2018	2338	singaporean+premier+league	8040	home-united	Home United	http://www.espnfc.us/club/home-united/8040/index
2018	2338	singaporean+premier+league	7998	tampines-rovers	Tampines Rovers	http://www.espnfc.us/club/tampines-rovers/7998/index
2018	2338	singaporean+premier+league	7939	balestier-khalsa	Balestier Khalsa	http://www.espnfc.us/club/balestier-khalsa/7939/index
2018	2338	singaporean+premier+league	8039	young-lions	Young Lions	http://www.espnfc.us/club/young-lions/8039/index
2018	2338	singaporean+premier+league	7938	geylang-international	Geylang International	http://www.espnfc.us/club/geylang-international/7938/index
2018	2340	malaysian+super+league	8831	perak	Perak	http://www.espnfc.us/club/perak/8831/index
2018	2340	malaysian+super+league	8830	terengganu	Terengganu	http://www.espnfc.us/club/terengganu/8830/index
2018	2340	malaysian+super+league	8835	kedah	Kedah	http://www.espnfc.us/club/kedah/8835/index
2018	2336	indonesian+super+league	8030	persija	Persija	http://www.espnfc.us/club/persija/8030/index
2018	2336	indonesian+super+league	8112	psm-makassar	PSM Makassar	http://www.espnfc.us/club/psm-makassar/8112/index
2018	2336	indonesian+super+league	8293	persib	Persib	http://www.espnfc.us/club/persib/8293/index
2018	2336	indonesian+super+league	8016	persebaya-surabaya	Persebaya Surabaya	http://www.espnfc.us/club/persebaya-surabaya/8016/index
2018	2336	indonesian+super+league	7137	arema-indonesia	Arema Indonesia	http://www.espnfc.us/club/arema-indonesia/7137/index
2018	2336	indonesian+super+league	8027	psis-semarang	PSIS Semarang	http://www.espnfc.us/club/psis-semarang/8027/index
2018	2336	indonesian+super+league	7139	persipura	Persipura	http://www.espnfc.us/club/persipura/7139/index
2018	2336	indonesian+super+league	8031	persela	Persela	http://www.espnfc.us/club/persela/8031/index
2018	2336	indonesian+super+league	8028	sriwijaya	Sriwijaya	http://www.espnfc.us/club/sriwijaya/8028/index
2018	2336	indonesian+super+league	8115	psms-medan	PSMS Medan	http://www.espnfc.us/club/psms-medan/8115/index
2018	2341	thai+premier+league	7138	buriram-united	Buriram United	http://www.espnfc.us/club/buriram-united/7138/index
2018	2341	thai+premier+league	7522	bangkok-united	Bangkok United	http://www.espnfc.us/club/bangkok-united/7522/index
2018	2341	thai+premier+league	8524	chonburi	Chonburi	http://www.espnfc.us/club/chonburi/8524/index
2018	2341	thai+premier+league	8516	suphanburi	Suphanburi	http://www.espnfc.us/club/suphanburi/8516/index
2018	2341	thai+premier+league	8519	bg-pathum-united	BG Pathum United	http://www.espnfc.us/club/bg-pathum-united/8519/index
2018	2341	thai+premier+league	8514	police-tero	Police Tero	http://www.espnfc.us/club/police-tero/8514/index
2018	2341	thai+premier+league	8520	navy-football-club	Navy Football Club	http://www.espnfc.us/club/navy-football-club/8520/index
